filename	title	artist	album	tags
8bit_fly.mp3	Fly!	音の園/ANDY	素材	8bit/明るい/疾走感
8bit_stage2.mp3	ステージ２	音の園/ANDY	素材	8bit/明るい/疾走感
8bit_retrotitle.mp3	レトロタイトル	音の園/ANDY	素材	8bit/かわいい
8bit_rockman5.mp3	ロックマン５ ステージセレクト	音の園/ANDY	素材	8bit/カバー
8bit_sousakaishi.mp3	捜査開始	音の園/ANDY	素材	8bit/ハードボイルド
epic1.mp3	epic1	音の園/ANDY	素材	壮大/重厚/暗い/不気味
epic2.mp3	epic2	音の園/ANDY	素材	壮大/重厚
aiwotsutaerukotoba.mp3	愛を伝える言葉	音の園/ANDY	素材	サウンドノベル/ピアノ/繊細
kugatsunoaozora.mp3	九月の蒼空	音の園/ANDY	素材	サウンドノベル/ピアノ/繊細
itsumonokimi.mp3	いつものキミ	音の園/ANDY	素材	サウンドノベル/明るい/かわいい
amenochiame.mp3	雨のち雨	音の園/ANDY	素材	サウンドノベル/悲しい/オルゴール
tabinooyado.mp3	旅のお宿	音の園/ANDY	素材	サウンドノベル/安らぎ/穏やか
Hope.mp3	Hope	音の園/ANDY	素材	サウンドノベル/安らぎ/穏やか
InTheRoom.mp3	室内で	音の園/ANDY	素材	サウンドノベル
kaisou.mp3	記憶のオルゴール	音の園/ANDY	素材	サウンドノベル/悲しい
MainStreet.mp3	Main Street	音の園/ANDY	素材	サウンドノベル/ハードボイルド
MainStreet2015.mp3	Main Street 2015	音の園/ANDY	素材	サウンドノベル/ハードボイルド
oborozuki.mp3	おぼろ月	音の園/ANDY	素材	サウンドノベル/和風/夜/ホラー
Shiawasenokairou.mp3	幸せの回廊	音の園/ANDY	素材	サウンドノベル/穏やか/回想
RinneTensei.mp3	輪廻転生	音の園/ANDY	素材	サウンドノベル/和風/壮大/神秘的/クライマックス
WakokuWithIntro.mp3	倭国（イントロ有）	音の園/ANDY	素材	サウンドノベル/和風/穏やか
Wakoku.mp3	倭国	音の園/ANDY	素材	RPG/サウンドノベル/和風/穏やか
ThemeofDetictive.mp3	Theme of Detictive	音の園/ANDY	素材	サウンドノベル/ハードボイルド
KiokuNoUmi.mp3	記憶の海	音の園/ANDY	素材	サウンドノベル/ピアノ/夜/神秘的
SenkaNoNakaDe.mp3	戦火の中で	音の園/ANDY	素材	RPG/SRPG/サウンドノベル/緊張感/バトル/陰謀
IsekaiNoMonogatari.mp3	異世界の物語	音の園/ANDY	素材	サウンドノベル/悲しい/回想/オルゴール
NatsuMatsuri.mp3	夏祭り	音の園/ANDY	素材	サウンドノベル/和風/夜/明るい
Natsukusa.mp3	夏草	音の園/ANDY	素材	サウンドノベル/ピアノ/明るい/穏やか
Kishu.mp3	奇襲	音の園/ANDY	素材	RPG/SRPG/サウンドノベル/緊張感/バトル/陰謀
TsukiyoWoTerasuHotaru.mp3	月夜ヲ照ラス蛍	音の園/ANDY	素材	サウンドノベル/ピアノ/明るい/穏やか
Tokiwasure.mp3	時忘れ	音の園/ANDY	素材	サウンドノベル/ピアノ/神秘的
NightWalking.mp3	Night Walking	音の園/ANDY	素材	コミカル
hadakanoousama.mp3	裸の王様	音の園/ANDY	素材	コミカル
koushinkyoku.mp3	もぐらの行進曲	音の園/ANDY	素材	コミカル
METROPOLIS.mp3	METROPOLIS	音の園/ANDY	素材	ファンタジー
RequiemOfTheDarkness.mp3	Requiem of the Darkness	音の園/ANDY	素材	ファンタジー
Soldier.mp3	ソルジャーマーチ	音の園/ANDY	素材	ファンタジー
TheWinner.mp3	The winner	音の園/ANDY	素材	ファンタジー
EndingTheme.mp3	ENDING THEME	音の園/ANDY	素材	ゴシック/ファンタジー
MachineWorld.mp3	Machine world	音の園/ANDY	素材	サイバー/疾走感
HealingVoyager.mp3	Healing voyager	音の園/ANDY	素材	神秘的/回想
AttakaShichu.mp3	あったかシチュー	音の園/ANDY	素材	穏やか/かわいい
MachiNoTomoshibi.mp3	街の灯火	音の園/ANDY	素材	夜/穏やか/神秘的
ResortHotel.mp3	リゾートホテル	音の園/ANDY	素材	明るい/穏やか
TatakaiNoMai.mp3	戦いの舞い	音の園/ANDY	素材	RPG/バトル
YomichiWoNukete.mp3	夜道を抜けて	音の園/ANDY	素材	夜/穏やか/ピアノ
Giwaku.mp3	疑惑	音の園/ANDY	素材	ピアノ/重厚/暗い/不気味
TakeOff.mp3	TakeOff	音の園/ANDY	素材	シューティング/壮大/明るい/疾走感
Operations.mp3	Operations	音の園/ANDY	素材	壮大/疾走感
VillageInTheForest.mp3	Village In The Forest	音の園/ANDY	素材	RPG/穏やか
Sorrow.mp3	Sorrow	音の園/ANDY	素材	壮大/緊張感
FieldTheme.mp3	Field Theme	音の園/ANDY	素材	RPG/SRPG/ファンタジー/明るい
Comeback.mp3	Comeback	音の園/ANDY	素材	RPG/SRPG/ファンタジー/壮大/明るい
Fanfare.mp3	ファンファーレ	音の園/ANDY	素材	RPG/SRPG/ファンタジー/壮大/明るい
AudienceWithTheKing.mp3	Audience with the King	音の園/ANDY	素材	RPG/SRPG/ファンタジー/壮大/明るい
BlueEarth.mp3	Blue Earth	音の園/ANDY	素材	RPG/SRPG/ファンタジー/壮大/穏やか
